mean_fit_time,std_fit_time,mean_score_time,std_score_time,param_clipnorm,param_dropout,param_epochs,param_learning_rate,param_neurons,param_optimizer,params,split0_test_score,split1_test_score,split2_test_score,split3_test_score,split4_test_score,mean_test_score,std_test_score,rank_test_score
4165.5773198127745,28.874794664130906,26.845033836364745,20.78019517314269,6,0.2,50,0.001,64,Adam,"{'clipnorm': 6, 'dropout': 0.2, 'epochs': 50, 'learning_rate': 0.001, 'neurons': 64, 'optimizer': 'Adam'}",0.9449999928474426,0.9549999833106995,0.949999988079071,0.8949999809265137,0.9399999976158142,0.9369999885559082,0.021587035751432077,1
4174.071621608734,10.857184468046578,18.13591456413269,7.671324550940862,6,0.2,50,0.001,64,SGD,"{'clipnorm': 6, 'dropout': 0.2, 'epochs': 50, 'learning_rate': 0.001, 'neurons': 64, 'optimizer': 'SGD'}",0.42500001192092896,0.375,0.4399999976158142,0.38499999046325684,0.375,0.4,0.027202943559159615,4
3924.6335672855375,223.56766061597494,31.464216661453246,37.33875925915891,6,0.2,50,0.001,64,Nadam,"{'clipnorm': 6, 'dropout': 0.2, 'epochs': 50, 'learning_rate': 0.001, 'neurons': 64, 'optimizer': 'Nadam'}",0.6349999904632568,0.5149999856948853,0.9599999785423279,0.9399999976158142,0.9599999785423279,0.8019999861717224,0.18933039754731637,3
3757.5335998535156,19.423619029950622,28.511447954177857,9.33696757556788,6,0.2,50,0.001,64,Adadelta,"{'clipnorm': 6, 'dropout': 0.2, 'epochs': 50, 'learning_rate': 0.001, 'neurons': 64, 'optimizer': 'Adadelta'}",0.4099999964237213,0.2800000011920929,0.1899999976158142,0.38499999046325684,0.32499998807907104,0.31799999475479124,0.07852387970152869,5
3242.358789873123,1159.05991489785,15.030069398880006,13.814211958086872,6,0.2,50,0.001,64,RMSprop,"{'clipnorm': 6, 'dropout': 0.2, 'epochs': 50, 'learning_rate': 0.001, 'neurons': 64, 'optimizer': 'RMSprop'}",0.9449999928474426,0.8999999761581421,0.9449999928474426,0.9200000166893005,0.8149999976158142,0.9049999952316284,0.04806245941239941,2
